{
    "metrics": {
        "http_req_blocked": {
            "p(95)": 0,
            "avg": 1.7508142033758747,
            "min": 0,
            "med": 0,
            "max": 731.1242,
            "p(90)": 0
        },
        "data_received": {
            "rate": 22275.89574192832,
            "count": 1845249
        },
        "http_req_receiving": {
            "p(90)": 7.942580000000001,
            "p(95)": 8.926469999999997,
            "avg": 2.541304034582132,
            "min": 0,
            "med": 1.151,
            "max": 51.6201
        },
        "http_req_failed": {
            "fails": 1,
            "passes": 4857,
            "thresholds": {
                "rate<0.1": true
            },
            "value": 0.9997941539728283
        },
        "http_req_tls_handshaking": {
            "min": 0,
            "med": 0,
            "max": 714.2582,
            "p(90)": 0,
            "p(95)": 0,
            "avg": 1.6125689378344994
        },
        "http_reqs": {
            "count": 4858,
            "rate": 58.645907145478894
        },
        "http_req_connecting": {
            "max": 45.1134,
            "p(90)": 0,
            "p(95)": 0,
            "avg": 0.13413003293536435,
            "min": 0,
            "med": 0
        },
        "checks": {
            "passes": 6716,
            "fails": 2999,
            "value": 0.6913021101389604
        },
        "data_sent": {
            "count": 511079,
            "rate": 6169.759484974106
        },
        "http_req_waiting": {
            "avg": 188.50092494853862,
            "min": 154.2541,
            "med": 169.1621,
            "max": 818.0461,
            "p(90)": 223.42565000000002,
            "p(95)": 273.47424499999994
        },
        "http_req_duration": {
            "med": 172.1944,
            "max": 822.3996,
            "p(90)": 225.36587000000003,
            "p(95)": 276.00463499999995,
            "avg": 191.39647101687885,
            "min": 156.8322,
            "thresholds": {
                "p(95)<3000": false
            }
        },
        "http_req_duration{expected_response:true}": {
            "max": 174.3216,
            "p(90)": 174.3216,
            "p(95)": 174.3216,
            "avg": 174.3216,
            "min": 174.3216,
            "med": 174.3216
        },
        "vus": {
            "value": 37,
            "min": 10,
            "max": 37
        },
        "iteration_duration": {
            "med": 373.0734,
            "max": 1129.7724,
            "p(90)": 430.64894000000004,
            "p(95)": 488.86634,
            "avg": 393.9818252015722,
            "min": 357.0534
        },
        "iterations": {
            "count": 4837,
            "rate": 58.392394578567604
        },
        "http_req_sending": {
            "avg": 0.35424203375874747,
            "min": 0,
            "med": 0.40235,
            "max": 9.9737,
            "p(90)": 0.5908,
            "p(95)": 0.7221499999999996
        },
        "vus_max": {
            "min": 600,
            "max": 600,
            "value": 600
        }
    },
    "setup_data": {
        "token": "Bearer eyJhbGciOiJIUzI1NiIsInR5cCI6IkpXVCJ9.eyJlbWFpbCI6ImZ1bGFub0BxYS5jb20iLCJwYXNzd29yZCI6InRlc3RlIiwiaWF0IjoxNzc3MzQ1MjIzLCJleHAiOjE3NzczNDU4MjN9.1PmwP3-whTkBqt7lJkmFMKHE7THxWLuNl7P76D8-D48"
    },
    "root_group": {
        "name": "",
        "path": "",
        "id": "d41d8cd98f00b204e9800998ecf8427e",
        "groups": {
            "setup": {
                "path": "::setup",
                "id": "5c0f8025f7e0b6654089e5b00e950f1a",
                "groups": {},
                "checks": {
                        "login sucesso": {
                            "name": "login sucesso",
                            "path": "::setup::login sucesso",
                            "id": "f7e660226fa1e1a85ab573458614bc15",
                            "passes": 1,
                            "fails": 0
                        }
                    },
                "name": "setup"
            }
        },
        "checks": {
            "status ok": {
                "path": "::status ok",
                "id": "017d7c5e080cbf543220d509d2bfff42",
                "passes": 1858,
                "fails": 2999,
                "name": "status ok"
            },
            "resposta < 5s": {
                "fails": 0,
                "name": "resposta < 5s",
                "path": "::resposta < 5s",
                "id": "e774f7f214e94ca34cb14544a7cda6c0",
                "passes": 4857
            }
        }
    }
}